{
  "num_seeds": 20,
  "seed_min": 20260325,
  "seed_max": 20260344,
  "metrics": {
    "val_joint_hit_rate": {
      "mean": 0.8140645161290322,
      "std": 0.022426932554305952,
      "min": 0.7587096774193548,
      "max": 0.8580645161290322
    },
    "val_low_jnr_joint_hit_rate": {
      "mean": 0.522,
      "std": 0.036923819155832614,
      "min": 0.456,
      "max": 0.596
    },
    "test_joint_hit_rate": {
      "mean": 0.8116129032258065,
      "std": 0.023607503070334213,
      "min": 0.7561290322580645,
      "max": 0.8529032258064516
    },
    "test_low_jnr_joint_hit_rate": {
      "mean": 0.526,
      "std": 0.03802492257509678,
      "min": 0.464,
      "max": 0.592
    },
    "test_slice_width_hit_rate": {
      "mean": 0.9281935483870968,
      "std": 0.012434790751384789,
      "min": 0.896774193548387,
      "max": 0.9406451612903226
    },
    "test_sampling_interval_hit_rate": {
      "mean": 0.9484516129032258,
      "std": 0.01392538777832855,
      "min": 0.9083870967741936,
      "max": 0.9651612903225807
    },
    "test_modulation_floor_hit_rate": {
      "mean": 0.8653548387096774,
      "std": 0.013917834512993766,
      "min": 0.8412903225806452,
      "max": 0.8890322580645161
    },
    "test_slice_width_mae_us": {
      "mean": 0.06273836921900511,
      "std": 0.006080739460670326,
      "min": 0.05584365874528885,
      "max": 0.07833239436149597
    },
    "test_sampling_interval_mae_us": {
      "mean": 0.10523511171340942,
      "std": 0.012322858350031956,
      "min": 0.08129728585481644,
      "max": 0.12914730608463287
    },
    "test_modulation_floor_mae": {
      "mean": 0.027482129540294407,
      "std": 0.001533386494165753,
      "min": 0.025029517710208893,
      "max": 0.030110089108347893
    }
  },
  "per_seed": [
    {
      "seed": 20260325,
      "best_epoch": 56,
      "val_joint_hit_rate": 0.7974193548387096,
      "val_low_jnr_joint_hit_rate": 0.468,
      "val_slice_width_mae_us": 0.07276478409767151,
      "val_sampling_interval_mae_us": 0.09653320163488388,
      "val_modulation_floor_mae": 0.026681603863835335,
      "test_joint_hit_rate": 0.7974193548387096,
      "test_low_jnr_joint_hit_rate": 0.464,
      "test_slice_width_hit_rate": 0.9225806451612903,
      "test_sampling_interval_hit_rate": 0.9380645161290323,
      "test_modulation_floor_hit_rate": 0.8541935483870968,
      "test_slice_width_mae_us": 0.06706701219081879,
      "test_sampling_interval_mae_us": 0.10642566531896591,
      "test_modulation_floor_mae": 0.02830561064183712
    },
    {
      "seed": 20260326,
      "best_epoch": 64,
      "val_joint_hit_rate": 0.8154838709677419,
      "val_low_jnr_joint_hit_rate": 0.52,
      "val_slice_width_mae_us": 0.06060294434428215,
      "val_sampling_interval_mae_us": 0.09904751926660538,
      "val_modulation_floor_mae": 0.027507063001394272,
      "test_joint_hit_rate": 0.8064516129032258,
      "test_low_jnr_joint_hit_rate": 0.496,
      "test_slice_width_hit_rate": 0.9354838709677419,
      "test_sampling_interval_hit_rate": 0.9432258064516129,
      "test_modulation_floor_hit_rate": 0.8567741935483871,
      "test_slice_width_mae_us": 0.060868341475725174,
      "test_sampling_interval_mae_us": 0.11010470241308212,
      "test_modulation_floor_mae": 0.028547683730721474
    },
    {
      "seed": 20260327,
      "best_epoch": 58,
      "val_joint_hit_rate": 0.8154838709677419,
      "val_low_jnr_joint_hit_rate": 0.536,
      "val_slice_width_mae_us": 0.06867417693138123,
      "val_sampling_interval_mae_us": 0.0740165039896965,
      "val_modulation_floor_mae": 0.028227703645825386,
      "test_joint_hit_rate": 0.807741935483871,
      "test_low_jnr_joint_hit_rate": 0.54,
      "test_slice_width_hit_rate": 0.9303225806451613,
      "test_sampling_interval_hit_rate": 0.9548387096774194,
      "test_modulation_floor_hit_rate": 0.8593548387096774,
      "test_slice_width_mae_us": 0.060002394020557404,
      "test_sampling_interval_mae_us": 0.08129728585481644,
      "test_modulation_floor_mae": 0.028272246941924095
    },
    {
      "seed": 20260328,
      "best_epoch": 58,
      "val_joint_hit_rate": 0.8283870967741935,
      "val_low_jnr_joint_hit_rate": 0.516,
      "val_slice_width_mae_us": 0.06770116835832596,
      "val_sampling_interval_mae_us": 0.09277482330799103,
      "val_modulation_floor_mae": 0.025533068925142288,
      "test_joint_hit_rate": 0.8270967741935484,
      "test_low_jnr_joint_hit_rate": 0.516,
      "test_slice_width_hit_rate": 0.9329032258064516,
      "test_sampling_interval_hit_rate": 0.9458064516129032,
      "test_modulation_floor_hit_rate": 0.88,
      "test_slice_width_mae_us": 0.06245051324367523,
      "test_sampling_interval_mae_us": 0.09599809348583221,
      "test_modulation_floor_mae": 0.02606728859245777
    },
    {
      "seed": 20260329,
      "best_epoch": 56,
      "val_joint_hit_rate": 0.824516129032258,
      "val_low_jnr_joint_hit_rate": 0.556,
      "val_slice_width_mae_us": 0.06314783543348312,
      "val_sampling_interval_mae_us": 0.08616352826356888,
      "val_modulation_floor_mae": 0.029146939516067505,
      "test_joint_hit_rate": 0.7974193548387096,
      "test_low_jnr_joint_hit_rate": 0.492,
      "test_slice_width_hit_rate": 0.9406451612903226,
      "test_sampling_interval_hit_rate": 0.944516129032258,
      "test_modulation_floor_hit_rate": 0.8438709677419355,
      "test_slice_width_mae_us": 0.06028586998581886,
      "test_sampling_interval_mae_us": 0.10013935714960098,
      "test_modulation_floor_mae": 0.030029848217964172
    },
    {
      "seed": 20260330,
      "best_epoch": 63,
      "val_joint_hit_rate": 0.7845161290322581,
      "val_low_jnr_joint_hit_rate": 0.456,
      "val_slice_width_mae_us": 0.07814176380634308,
      "val_sampling_interval_mae_us": 0.1168840304017067,
      "val_modulation_floor_mae": 0.027945423498749733,
      "test_joint_hit_rate": 0.7948387096774193,
      "test_low_jnr_joint_hit_rate": 0.508,
      "test_slice_width_hit_rate": 0.9045161290322581,
      "test_sampling_interval_hit_rate": 0.9419354838709677,
      "test_modulation_floor_hit_rate": 0.8683870967741936,
      "test_slice_width_mae_us": 0.07231275737285614,
      "test_sampling_interval_mae_us": 0.12196056544780731,
      "test_modulation_floor_mae": 0.026333613321185112
    },
    {
      "seed": 20260331,
      "best_epoch": 55,
      "val_joint_hit_rate": 0.8309677419354838,
      "val_low_jnr_joint_hit_rate": 0.532,
      "val_slice_width_mae_us": 0.05773065239191055,
      "val_sampling_interval_mae_us": 0.07265955954790115,
      "val_modulation_floor_mae": 0.025913730263710022,
      "test_joint_hit_rate": 0.8529032258064516,
      "test_low_jnr_joint_hit_rate": 0.588,
      "test_slice_width_hit_rate": 0.9406451612903226,
      "test_sampling_interval_hit_rate": 0.9483870967741935,
      "test_modulation_floor_hit_rate": 0.8890322580645161,
      "test_slice_width_mae_us": 0.05982528254389763,
      "test_sampling_interval_mae_us": 0.0935879722237587,
      "test_modulation_floor_mae": 0.025029517710208893
    },
    {
      "seed": 20260332,
      "best_epoch": 54,
      "val_joint_hit_rate": 0.8154838709677419,
      "val_low_jnr_joint_hit_rate": 0.528,
      "val_slice_width_mae_us": 0.06073460727930069,
      "val_sampling_interval_mae_us": 0.08858750015497208,
      "val_modulation_floor_mae": 0.02939111925661564,
      "test_joint_hit_rate": 0.8012903225806451,
      "test_low_jnr_joint_hit_rate": 0.524,
      "test_slice_width_hit_rate": 0.9225806451612903,
      "test_sampling_interval_hit_rate": 0.9574193548387097,
      "test_modulation_floor_hit_rate": 0.8464516129032258,
      "test_slice_width_mae_us": 0.06100396066904068,
      "test_sampling_interval_mae_us": 0.09556835889816284,
      "test_modulation_floor_mae": 0.030110089108347893
    },
    {
      "seed": 20260333,
      "best_epoch": 64,
      "val_joint_hit_rate": 0.7819354838709678,
      "val_low_jnr_joint_hit_rate": 0.464,