{
  "top5_seeds": [
    20260331,
    20260339,
    20260336,
    20260340,
    20260335
  ],
  "metrics": {
    "slice_width_hit_rate": {
      "mean": 0.9352258064516129,
      "var": 1.5317377731529827e-05,
      "std": 0.00391374216467179
    },
    "sampling_interval_hit_rate": {
      "mean": 0.9579354838709677,
      "var": 4.6285119667013937e-05,
      "std": 0.0068033168136589035
    },
    "modulation_floor_hit_rate": {
      "mean": 0.8771612903225806,
      "var": 9.606659729448499e-05,
      "std": 0.009801356910881524
    },
    "test_joint_hit_rate": {
      "mean": 0.8384516129032258,
      "var": 0.00012104058272632701,
      "std": 0.011001844514731473
    },
    "test_low_jnr_joint_hit_rate": {
      "mean": 0.5712,
      "var": 0.000619199999999998,
      "std": 0.024883729623993225
    },
    "slice_width_mae_us": {
      "mean": 0.05879147723317146,
      "var": 3.98190622979272e-06,
      "std": 0.0019954714304626663
    },
    "sampling_interval_mae_us": {
      "mean": 0.09948045909404754,
      "var": 4.304484113805129e-05,
      "std": 0.00656085673811365
    },
    "modulation_floor_mae": {
      "mean": 0.026511555537581444,
      "var": 1.9774595332085892e-06,
      "std": 0.001406221722634304
    }
  }
}
