{
  "top5_seeds": [
    20260331,
    20260339,
    20260336,
    20260340,
    20260335
  ],
  "jnr_range_summary": [
    {
      "range": "low",
      "range_db": [
        -10.0,
        0.0
      ],
      "slice_width_hit_rate_mean": 0.8144,
      "slice_width_hit_rate_std": 0.008763560920082613,
      "sampling_interval_hit_rate_mean": 0.8720000000000001,
      "sampling_interval_hit_rate_std": 0.020784609690826548,
      "modulation_floor_hit_rate_mean": 0.676,
      "modulation_floor_hit_rate_std": 0.020976176963403002,
      "joint_hit_rate_mean": 0.5711999999999999,
      "joint_hit_rate_std": 0.02488372962399323
    },
    {
      "range": "mid",
      "range_db": [
        0.0,
        10.0
      ],
      "slice_width_hit_rate_mean": 0.992,
      "slice_width_hit_rate_std": 0.0040000000000000036,
      "sampling_interval_hit_rate_mean": 0.9975999999999999,
      "sampling_interval_hit_rate_std": 0.0021908902300206666,
      "modulation_floor_hit_rate_mean": 0.9559999999999998,
      "modulation_floor_hit_rate_std": 0.016248076809271893,
      "joint_hit_rate_mean": 0.9480000000000001,
      "joint_hit_rate_std": 0.016248076809271896
    },
    {
      "range": "high",
      "range_db": [
        10.0,
        20.0
      ],
      "slice_width_hit_rate_mean": 0.9934545454545454,
      "slice_width_hit_rate_std": 0.006994685113335034,
      "sampling_interval_hit_rate_mean": 1.0,
      "sampling_interval_hit_rate_std": 0.0,
      "modulation_floor_hit_rate_mean": 0.9883636363636363,
      "modulation_floor_hit_rate_std": 0.007452327829788788,
      "joint_hit_rate_mean": 0.9818181818181818,
      "joint_hit_rate_std": 0.012331509060227766
    }
  ]
}
